<?xml version="1.0" encoding="UTF-8"?>
<feature
      id="org.xmind.share.biggerplate.nls.feature"
      label="Sharing Support For Biggerplate Native Language Support"
      version="3.6.51.201801312336"
      provider-name="XMind Ltd.">

   <description>
      Sharing Support For Biggerplate Native Language Support
   </description>

   <copyright>
      Copyright(C) 2006-2015, XMind Ltd. and others.
   </copyright>

   <license url="license.html">
      XMind 3 is dual licensed under 2 open source licenses:
the Eclipse Public License v1.0 (EPL),
which is available at http://www.eclipse.org/legal/epl-v10.html ,
and the GNU Lesser General Public License v3 (LGPL),
which is available at http://www.gnu.org/licenses/lgpl.html .
   </license>

   <plugin id="org.xmind.core.net.nl_sl" fragment="true" download-size="0" install-size="0" version="0.0.0" unpack="false"/>
   <plugin id="org.xmind.core.net.nl_da" fragment="true" download-size="0" install-size="0" version="0.0.0" unpack="false"/>
   <plugin id="org.xmind.core.net.nl_pt_BR" fragment="true" download-size="0" install-size="0" version="0.0.0" unpack="false"/>
   <plugin id="org.xmind.core.net.nl_ja" fragment="true" download-size="0" install-size="0" version="0.0.0" unpack="false"/>
   <plugin id="org.xmind.core.net.nl_zh_TW" fragment="true" download-size="0" install-size="0" version="0.0.0" unpack="false"/>
   <plugin id="org.xmind.core.net.nl_ru" fragment="true" download-size="0" install-size="0" version="0.0.0" unpack="false"/>
   <plugin id="org.xmind.core.net.nl_zh_CN" fragment="true" download-size="0" install-size="0" version="0.0.0" unpack="false"/>
   <plugin id="org.xmind.core.net.nl_de" fragment="true" download-size="0" install-size="0" version="0.0.0" unpack="false"/>
   <plugin id="org.xmind.core.net.nl_ko" fragment="true" download-size="0" install-size="0" version="0.0.0" unpack="false"/>
   <plugin id="org.xmind.core.net.nl_fr" fragment="true" download-size="0" install-size="0" version="0.0.0" unpack="false"/>
   <plugin id="org.xmind.core.net.nl_es" fragment="true" download-size="0" install-size="0" version="0.0.0" unpack="false"/>
   <plugin id="org.xmind.ui.biggerplate.nl_sl" fragment="true" download-size="0" install-size="0" version="0.0.0" unpack="false"/>
   <plugin id="org.xmind.ui.biggerplate.nl_da" fragment="true" download-size="0" install-size="0" version="0.0.0" unpack="false"/>
   <plugin id="org.xmind.ui.biggerplate.nl_pt_BR" fragment="true" download-size="0" install-size="0" version="0.0.0" unpack="false"/>
   <plugin id="org.xmind.ui.biggerplate.nl_ja" fragment="true" download-size="0" install-size="0" version="0.0.0" unpack="false"/>
   <plugin id="org.xmind.ui.biggerplate.nl_zh_TW" fragment="true" download-size="0" install-size="0" version="0.0.0" unpack="false"/>
   <plugin id="org.xmind.ui.biggerplate.nl_ru" fragment="true" download-size="0" install-size="0" version="0.0.0" unpack="false"/>
   <plugin id="org.xmind.ui.biggerplate.nl_zh_CN" fragment="true" download-size="0" install-size="0" version="0.0.0" unpack="false"/>
   <plugin id="org.xmind.ui.biggerplate.nl_de" fragment="true" download-size="0" install-size="0" version="0.0.0" unpack="false"/>
   <plugin id="org.xmind.ui.biggerplate.nl_ko" fragment="true" download-size="0" install-size="0" version="0.0.0" unpack="false"/>
   <plugin id="org.xmind.ui.biggerplate.nl_fr" fragment="true" download-size="0" install-size="0" version="0.0.0" unpack="false"/>
   <plugin id="org.xmind.ui.biggerplate.nl_es" fragment="true" download-size="0" install-size="0" version="0.0.0" unpack="false"/>

</feature>