<?xml version="1.0" encoding="UTF-8"?>
<feature
      id="org.xmind.cathy.nls.feature"
      label="XMind RCP Application Native Language Support"
      version="3.6.51.201801312336"
      provider-name="XMind Ltd.">

   <description>
      XMind RCP Application Native Language Support
   </description>

   <copyright>
      Copyright(C) 2006-2015, XMind Ltd. and others.
   </copyright>

   <license url="license.html">
      XMind 3 is dual licensed under 2 open source licenses:
the Eclipse Public License v1.0 (EPL),
which is available at http://www.eclipse.org/legal/epl-v10.html ,
and the GNU Lesser General Public License v3 (LGPL),
which is available at http://www.gnu.org/licenses/lgpl.html .
   </license>

   <plugin id="org.xmind.cathy.nl_sl" fragment="true" download-size="0" install-size="0" version="0.0.0" unpack="false"/>
   <plugin id="org.xmind.cathy.nl_da" fragment="true" download-size="0" install-size="0" version="0.0.0" unpack="false"/>
   <plugin id="org.xmind.cathy.nl_pt_BR" fragment="true" download-size="0" install-size="0" version="0.0.0" unpack="false"/>
   <plugin id="org.xmind.cathy.nl_ja" fragment="true" download-size="0" install-size="0" version="0.0.0" unpack="false"/>
   <plugin id="org.xmind.cathy.nl_it" fragment="true" download-size="0" install-size="0" version="0.0.0" unpack="false"/>
   <plugin id="org.xmind.cathy.nl_zh_TW" fragment="true" download-size="0" install-size="0" version="0.0.0" unpack="false"/>
   <plugin id="org.xmind.cathy.nl_ru" fragment="true" download-size="0" install-size="0" version="0.0.0" unpack="false"/>
   <plugin id="org.xmind.cathy.nl_zh_CN" fragment="true" download-size="0" install-size="0" version="0.0.0" unpack="false"/>
   <plugin id="org.xmind.cathy.nl_ar" fragment="true" download-size="0" install-size="0" version="0.0.0" unpack="false"/>
   <plugin id="org.xmind.cathy.nl_de" fragment="true" download-size="0" install-size="0" version="0.0.0" unpack="false"/>
   <plugin id="org.xmind.cathy.nl_ko" fragment="true" download-size="0" install-size="0" version="0.0.0" unpack="false"/>
   <plugin id="org.xmind.cathy.nl_fr" fragment="true" download-size="0" install-size="0" version="0.0.0" unpack="false"/>
   <plugin id="org.xmind.cathy.nl_es" fragment="true" download-size="0" install-size="0" version="0.0.0" unpack="false"/>
   <plugin id="org.xmind.ui.dashboard.nl_sl" fragment="true" download-size="0" install-size="0" version="0.0.0" unpack="false"/>
   <plugin id="org.xmind.ui.dashboard.nl_pt_BR" fragment="true" download-size="0" install-size="0" version="0.0.0" unpack="false"/>
   <plugin id="org.xmind.ui.dashboard.nl_ja" fragment="true" download-size="0" install-size="0" version="0.0.0" unpack="false"/>
   <plugin id="org.xmind.ui.dashboard.nl_zh_TW" fragment="true" download-size="0" install-size="0" version="0.0.0" unpack="false"/>
   <plugin id="org.xmind.ui.dashboard.nl_zh_CN" fragment="true" download-size="0" install-size="0" version="0.0.0" unpack="false"/>
   <plugin id="org.xmind.ui.dashboard.nl_de" fragment="true" download-size="0" install-size="0" version="0.0.0" unpack="false"/>
   <plugin id="org.xmind.ui.dashboard.nl_ko" fragment="true" download-size="0" install-size="0" version="0.0.0" unpack="false"/>
   <plugin id="org.xmind.ui.dashboard.nl_fr" fragment="true" download-size="0" install-size="0" version="0.0.0" unpack="false"/>
   <plugin id="org.xmind.ui.dashboard.nl_es" fragment="true" download-size="0" install-size="0" version="0.0.0" unpack="false"/>
   <plugin id="org.xmind.ui.menus.nl_sl" fragment="true" download-size="0" install-size="0" version="0.0.0" unpack="false"/>
   <plugin id="org.xmind.ui.menus.nl_da" fragment="true" download-size="0" install-size="0" version="0.0.0" unpack="false"/>
   <plugin id="org.xmind.ui.menus.nl_pt_BR" fragment="true" download-size="0" install-size="0" version="0.0.0" unpack="false"/>
   <plugin id="org.xmind.ui.menus.nl_ja" fragment="true" download-size="0" install-size="0" version="0.0.0" unpack="false"/>
   <plugin id="org.xmind.ui.menus.nl_it" fragment="true" download-size="0" install-size="0" version="0.0.0" unpack="false"/>
   <plugin id="org.xmind.ui.menus.nl_zh_TW" fragment="true" download-size="0" install-size="0" version="0.0.0" unpack="false"/>
   <plugin id="org.xmind.ui.menus.nl_ru" fragment="true" download-size="0" install-size="0" version="0.0.0" unpack="false"/>
   <plugin id="org.xmind.ui.menus.nl_zh_CN" fragment="true" download-size="0" install-size="0" version="0.0.0" unpack="false"/>
   <plugin id="org.xmind.ui.menus.nl_ar" fragment="true" download-size="0" install-size="0" version="0.0.0" unpack="false"/>
   <plugin id="org.xmind.ui.menus.nl_de" fragment="true" download-size="0" install-size="0" version="0.0.0" unpack="false"/>
   <plugin id="org.xmind.ui.menus.nl_ko" fragment="true" download-size="0" install-size="0" version="0.0.0" unpack="false"/>
   <plugin id="org.xmind.ui.menus.nl_fr" fragment="true" download-size="0" install-size="0" version="0.0.0" unpack="false"/>
   <plugin id="org.xmind.ui.menus.nl_es" fragment="true" download-size="0" install-size="0" version="0.0.0" unpack="false"/>
   <plugin id="org.xmind.cathy.win32.nl_sl" fragment="true" download-size="0" install-size="0" version="0.0.0" unpack="false" ws="win32"/>
   <plugin id="org.xmind.cathy.win32.nl_da" fragment="true" download-size="0" install-size="0" version="0.0.0" unpack="false" ws="win32"/>
   <plugin id="org.xmind.cathy.win32.nl_pt_BR" fragment="true" download-size="0" install-size="0" version="0.0.0" unpack="false" ws="win32"/>
   <plugin id="org.xmind.cathy.win32.nl_ja" fragment="true" download-size="0" install-size="0" version="0.0.0" unpack="false" ws="win32"/>
   <plugin id="org.xmind.cathy.win32.nl_it" fragment="true" download-size="0" install-size="0" version="0.0.0" unpack="false" ws="win32"/>
   <plugin id="org.xmind.cathy.win32.nl_zh_TW" fragment="true" download-size="0" install-size="0" version="0.0.0" unpack="false" ws="win32"/>
   <plugin id="org.xmind.cathy.win32.nl_ru" fragment="true" download-size="0" install-size="0" version="0.0.0" unpack="false" ws="win32"/>
   <plugin id="org.xmind.cathy.win32.nl_zh_CN" fragment="true" download-size="0" install-size="0" version="0.0.0" unpack="false" ws="win32"/>
   <plugin id="org.xmind.cathy.win32.nl_ar" fragment="true" download-size="0" install-size="0" version="0.0.0" unpack="false" ws="win32"/>
   <plugin id="org.xmind.cathy.win32.nl_de" fragment="true" download-size="0" install-size="0" version="0.0.0" unpack="false" ws="win32"/>
   <plugin id="org.xmind.cathy.win32.nl_ko" fragment="true" download-size="0" install-size="0" version="0.0.0" unpack="false" ws="win32"/>
   <plugin id="org.xmind.cathy.win32.nl_fr" fragment="true" download-size="0" install-size="0" version="0.0.0" unpack="false" ws="win32"/>
   <plugin id="org.xmind.cathy.win32.nl_es" fragment="true" download-size="0" install-size="0" version="0.0.0" unpack="false" ws="win32"/>
   <plugin id="org.xmind.cathy.fonts.nl_sl" fragment="true" download-size="0" install-size="0" version="0.0.0" unpack="false"/>
   <plugin id="org.xmind.cathy.fonts.nl_da" fragment="true" download-size="0" install-size="0" version="0.0.0" unpack="false"/>
   <plugin id="org.xmind.cathy.fonts.nl_pt_BR" fragment="true" download-size="0" install-size="0" version="0.0.0" unpack="false"/>
   <plugin id="org.xmind.cathy.fonts.nl_ja" fragment="true" download-size="0" install-size="0" version="0.0.0" unpack="false"/>
   <plugin id="org.xmind.cathy.fonts.nl_zh_TW" fragment="true" download-size="0" install-size="0" version="0.0.0" unpack="false"/>
   <plugin id="org.xmind.cathy.fonts.nl_zh_CN" fragment="true" download-size="0" install-size="0" version="0.0.0" unpack="false"/>
   <plugin id="org.xmind.cathy.fonts.nl_de" fragment="true" download-size="0" install-size="0" version="0.0.0" unpack="false"/>
   <plugin id="org.xmind.cathy.fonts.nl_ko" fragment="true" download-size="0" install-size="0" version="0.0.0" unpack="false"/>
   <plugin id="org.xmind.cathy.fonts.nl_fr" fragment="true" download-size="0" install-size="0" version="0.0.0" unpack="false"/>
   <plugin id="org.xmind.cathy.fonts.nl_es" fragment="true" download-size="0" install-size="0" version="0.0.0" unpack="false"/>
   <plugin id="org.xmind.core.net.nl_sl" fragment="true" download-size="0" install-size="0" version="0.0.0" unpack="false"/>
   <plugin id="org.xmind.core.net.nl_da" fragment="true" download-size="0" install-size="0" version="0.0.0" unpack="false"/>
   <plugin id="org.xmind.core.net.nl_pt_BR" fragment="true" download-size="0" install-size="0" version="0.0.0" unpack="false"/>
   <plugin id="org.xmind.core.net.nl_ja" fragment="true" download-size="0" install-size="0" version="0.0.0" unpack="false"/>
   <plugin id="org.xmind.core.net.nl_zh_TW" fragment="true" download-size="0" install-size="0" version="0.0.0" unpack="false"/>
   <plugin id="org.xmind.core.net.nl_ru" fragment="true" download-size="0" install-size="0" version="0.0.0" unpack="false"/>
   <plugin id="org.xmind.core.net.nl_zh_CN" fragment="true" download-size="0" install-size="0" version="0.0.0" unpack="false"/>
   <plugin id="org.xmind.core.net.nl_de" fragment="true" download-size="0" install-size="0" version="0.0.0" unpack="false"/>
   <plugin id="org.xmind.core.net.nl_ko" fragment="true" download-size="0" install-size="0" version="0.0.0" unpack="false"/>
   <plugin id="org.xmind.core.net.nl_fr" fragment="true" download-size="0" install-size="0" version="0.0.0" unpack="false"/>
   <plugin id="org.xmind.core.net.nl_es" fragment="true" download-size="0" install-size="0" version="0.0.0" unpack="false"/>
   <plugin id="org.xmind.core.command.remote.nl_sl" fragment="true" download-size="0" install-size="0" version="0.0.0" unpack="false"/>
   <plugin id="org.xmind.core.command.remote.nl_da" fragment="true" download-size="0" install-size="0" version="0.0.0" unpack="false"/>
   <plugin id="org.xmind.core.command.remote.nl_pt_BR" fragment="true" download-size="0" install-size="0" version="0.0.0" unpack="false"/>
   <plugin id="org.xmind.core.command.remote.nl_ja" fragment="true" download-size="0" install-size="0" version="0.0.0" unpack="false"/>
   <plugin id="org.xmind.core.command.remote.nl_it" fragment="true" download-size="0" install-size="0" version="0.0.0" unpack="false"/>
   <plugin id="org.xmind.core.command.remote.nl_zh_TW" fragment="true" download-size="0" install-size="0" version="0.0.0" unpack="false"/>
   <plugin id="org.xmind.core.command.remote.nl_ru" fragment="true" download-size="0" install-size="0" version="0.0.0" unpack="false"/>
   <plugin id="org.xmind.core.command.remote.nl_zh_CN" fragment="true" download-size="0" install-size="0" version="0.0.0" unpack="false"/>
   <plugin id="org.xmind.core.command.remote.nl_ar" fragment="true" download-size="0" install-size="0" version="0.0.0" unpack="false"/>
   <plugin id="org.xmind.core.command.remote.nl_de" fragment="true" download-size="0" install-size="0" version="0.0.0" unpack="false"/>
   <plugin id="org.xmind.core.command.remote.nl_ko" fragment="true" download-size="0" install-size="0" version="0.0.0" unpack="false"/>
   <plugin id="org.xmind.core.command.remote.nl_fr" fragment="true" download-size="0" install-size="0" version="0.0.0" unpack="false"/>
   <plugin id="org.xmind.core.command.remote.nl_es" fragment="true" download-size="0" install-size="0" version="0.0.0" unpack="false"/>

</feature>